{"CF_n_warm_items": "CF_n_warm_items.json", "CF_warm_items_perc": "CF_warm_items_perc.json", "CF_warm_density": "CF_warm_density.json", "CBF_n_items_with_features": "CBF_n_items_with_features.json", "CBF_items_with_features_perc": "CBF_items_with_features_perc.json", "CBF_items_with_features_density": "CBF_items_with_features_density.json", "n_items": "n_items.json", "CF_nnz": "CF_nnz.json", "CF_density": "CF_density.json", "CBF_nnz": "CBF_nnz.json", "CBF_density": "CBF_density.json", "intersection_nnz": "intersection_nnz.json", "intersection_CF_perc": "intersection_CF_perc.json", "intersection_CBF_perc": "intersection_CBF_perc.json", "union_nnz": "union_nnz.json", "union_CF_perc": "union_CF_perc.json", "union_CBF_perc": "union_CBF_perc.json", "intersection_over_union": "intersection_over_union.json"}